{"mean":{"confidence_interval":{"confidence_level":0.95,"lower_bound":-0.2611433438269875,"upper_bound":-0.24691928246733372},"point_estimate":-0.25420062162741863,"standard_error":0.0036528802577990177},"median":{"confidence_interval":{"confidence_level":0.95,"lower_bound":-0.26852093554980827,"upper_bound":-0.26686065620585797},"point_estimate":-0.2678329084838186,"standard_error":0.00036260234588998}}