{"mean":{"confidence_interval":{"confidence_level":0.95,"lower_bound":6366321.88671875,"upper_bound":6624246.7668125},"point_estimate":6499601.41,"standard_error":65997.58628100935},"median":{"confidence_interval":{"confidence_level":0.95,"lower_bound":6622286.5,"upper_bound":6745770.875},"point_estimate":6633372.4375,"standard_error":41651.14245965721},"median_abs_dev":{"confidence_interval":{"confidence_level":0.95,"lower_bound":187540.62422580092,"upper_bound":357901.0235834867},"point_estimate":239366.507050395,"standard_error":55516.960307895635},"slope":null,"std_dev":{"confidence_interval":{"confidence_level":0.95,"lower_bound":491824.95383199974,"upper_bound":802270.1110573184},"point_estimate":661267.0020356745,"standard_error":78877.75721177977}}