{"mean":{"confidence_interval":{"confidence_level":0.95,"lower_bound":-0.002593746158766952,"upper_bound":0.0003101351556880066},"point_estimate":-0.0011201242723520854,"standard_error":0.0007522893156542013},"median":{"confidence_interval":{"confidence_level":0.95,"lower_bound":-0.0024510970323147196,"upper_bound":-0.0016778772640189158},"point_estimate":-0.002107216175711746,"standard_error":0.00018441878272988652}}