{"mean":{"confidence_interval":{"confidence_level":0.95,"lower_bound":0.05413858063409716,"upper_bound":0.08129467299059319},"point_estimate":0.06699997679802161,"standard_error":0.006988211596091257},"median":{"confidence_interval":{"confidence_level":0.95,"lower_bound":0.03428471001187994,"upper_bound":0.04361806143104241},"point_estimate":0.03681797417776944,"standard_error":0.0022322844390585523}}