{"mean":{"confidence_interval":{"confidence_level":0.95,"lower_bound":-0.00998110662664744,"upper_bound":-0.004325036151337265},"point_estimate":-0.006986112217069351,"standard_error":0.001440712683606025},"median":{"confidence_interval":{"confidence_level":0.95,"lower_bound":-0.002740664566303808,"upper_bound":-0.0014458160640401507},"point_estimate":-0.0021373364267799344,"standard_error":0.0003295610760418185}}