{"mean":{"confidence_interval":{"confidence_level":0.95,"lower_bound":-0.02937087462754321,"upper_bound":0.017720293068049064},"point_estimate":-0.006235594035608805,"standard_error":0.011985616442079135},"median":{"confidence_interval":{"confidence_level":0.95,"lower_bound":0.015406490784035665,"upper_bound":0.038486373043243205},"point_estimate":0.021440034186269497,"standard_error":0.008770476470458286}}