{"mean":{"confidence_interval":{"confidence_level":0.95,"lower_bound":-0.012566076868946938,"upper_bound":-0.007050922726335402},"point_estimate":-0.009765642238588779,"standard_error":0.0014041057229118466},"median":{"confidence_interval":{"confidence_level":0.95,"lower_bound":-0.008500798229662876,"upper_bound":-0.006159096032515059},"point_estimate":-0.006966090941602832,"standard_error":0.0006223583516345242}}