{"mean":{"confidence_interval":{"confidence_level":0.95,"lower_bound":0.06648723392102256,"upper_bound":0.0877542291617127},"point_estimate":0.07529455428177112,"standard_error":0.004881697450188682},"median":{"confidence_interval":{"confidence_level":0.95,"lower_bound":0.07972373292007995,"upper_bound":0.08538731729966664},"point_estimate":0.08205353406547888,"standard_error":0.0014025927335341532}}