{"mean":{"confidence_interval":{"confidence_level":0.95,"lower_bound":0.07775601927588163,"upper_bound":0.10603526610517094},"point_estimate":0.09150875707769579,"standard_error":0.006816172577762398},"median":{"confidence_interval":{"confidence_level":0.95,"lower_bound":0.08639060909215664,"upper_bound":0.09457354104580351},"point_estimate":0.09069374465980018,"standard_error":0.0021031714927009677}}