{"mean":{"confidence_interval":{"confidence_level":0.95,"lower_bound":0.05913075429201222,"upper_bound":0.09635653599468418},"point_estimate":0.07586353290526238,"standard_error":0.009609097503959767},"median":{"confidence_interval":{"confidence_level":0.95,"lower_bound":0.04745820063501616,"upper_bound":0.06300212833027952},"point_estimate":0.05586601981585848,"standard_error":0.004425683317211449}}