{"mean":{"confidence_interval":{"confidence_level":0.95,"lower_bound":-0.0037948510327186656,"upper_bound":-0.0012926473475641496},"point_estimate":-0.002527678743510342,"standard_error":0.0006304570030706395},"median":{"confidence_interval":{"confidence_level":0.95,"lower_bound":-0.0026407133407190253,"upper_bound":-0.0021581107269535993},"point_estimate":-0.0024516731142575354,"standard_error":0.00011838973052819277}}