{"mean":{"confidence_interval":{"confidence_level":0.95,"lower_bound":-0.031924543814309994,"upper_bound":0.01821760937675793},"point_estimate":-0.006110722669917301,"standard_error":0.0127426929412314},"median":{"confidence_interval":{"confidence_level":0.95,"lower_bound":-0.02041681422571906,"upper_bound":0.02364564422251747},"point_estimate":0.0022285527209040534,"standard_error":0.01119390104394202}}