{"mean":{"confidence_interval":{"confidence_level":0.95,"lower_bound":-0.2584664345207436,"upper_bound":-0.24099438057588202},"point_estimate":-0.2507996037565726,"standard_error":0.004484861738927524},"median":{"confidence_interval":{"confidence_level":0.95,"lower_bound":-0.2665812993565518,"upper_bound":-0.26490473920580193},"point_estimate":-0.26605028605974146,"standard_error":0.0004002618176651305}}