{"mean":{"confidence_interval":{"confidence_level":0.95,"lower_bound":0.003264482224094541,"upper_bound":0.037799764177267034},"point_estimate":0.020201228032382224,"standard_error":0.008795275687615602},"median":{"confidence_interval":{"confidence_level":0.95,"lower_bound":-0.010330022213033696,"upper_bound":0.023501507686853662},"point_estimate":0.0055714810279554605,"standard_error":0.008640555960848492}}