{"mean":{"confidence_interval":{"confidence_level":0.95,"lower_bound":0.0328239611868979,"upper_bound":0.06504371454877812},"point_estimate":0.046276345160104704,"standard_error":0.008193212768008915},"median":{"confidence_interval":{"confidence_level":0.95,"lower_bound":0.013978081653987168,"upper_bound":0.03126657895569096},"point_estimate":0.01761682597743186,"standard_error":0.004016854243328045}}