{"mean":{"confidence_interval":{"confidence_level":0.95,"lower_bound":-0.4064186600211866,"upper_bound":-0.38283126538621653},"point_estimate":-0.3961404652486,"standard_error":0.006309164599798936},"median":{"confidence_interval":{"confidence_level":0.95,"lower_bound":-0.41060643625102167,"upper_bound":-0.40034175059623034},"point_estimate":-0.40410930260328126,"standard_error":0.0029865615129586165}}