{"mean":{"confidence_interval":{"confidence_level":0.95,"lower_bound":56469.263214125305,"upper_bound":56652.3117003203},"point_estimate":56555.01704354045,"standard_error":46.680163784611224},"median":{"confidence_interval":{"confidence_level":0.95,"lower_bound":56421.382726070224,"upper_bound":56480.85224035224},"point_estimate":56458.103767560664,"standard_error":15.362078269810361},"median_abs_dev":{"confidence_interval":{"confidence_level":0.95,"lower_bound":67.1804827140768,"upper_bound":126.1567545626629},"point_estimate":91.33846308746706,"standard_error":14.825441725034823},"slope":{"confidence_interval":{"confidence_level":0.95,"lower_bound":56433.601280618896,"upper_bound":56604.68150598505},"point_estimate":56509.81161749011,"standard_error":43.79381237031378},"std_dev":{"confidence_interval":{"confidence_level":0.95,"lower_bound":300.38096478790504,"upper_bound":611.7194577223619},"point_estimate":470.7884178481976,"standard_error":79.49482142371465}}