{"mean":{"confidence_interval":{"confidence_level":0.95,"lower_bound":3613.612703786708,"upper_bound":3733.0280417376057},"point_estimate":3669.166285952528,"standard_error":30.6307548400161},"median":{"confidence_interval":{"confidence_level":0.95,"lower_bound":3559.0485074626868,"upper_bound":3576.8045708955224},"point_estimate":3570.6249921092394,"standard_error":5.30771812547473},"median_abs_dev":{"confidence_interval":{"confidence_level":0.95,"lower_bound":23.91521600011884,"upper_bound":64.01962525056791},"point_estimate":45.398926736459856,"standard_error":11.394713126296038},"slope":{"confidence_interval":{"confidence_level":0.95,"lower_bound":3632.225115212745,"upper_bound":3763.90581045683},"point_estimate":3691.879099360593,"standard_error":33.68370017503553},"std_dev":{"confidence_interval":{"confidence_level":0.95,"lower_bound":198.35561375047658,"upper_bound":394.9768526090044},"point_estimate":308.1152297470109,"standard_error":50.28635556633132}}