{"mean":{"confidence_interval":{"confidence_level":0.95,"lower_bound":-0.42884061086892755,"upper_bound":-0.4245712040411386},"point_estimate":-0.4266895305855529,"standard_error":0.0010937514647309566},"median":{"confidence_interval":{"confidence_level":0.95,"lower_bound":-0.4265726107365456,"upper_bound":-0.42276774300146375},"point_estimate":-0.4249792126890717,"standard_error":0.0010677900081041156}}