{"mean":{"confidence_interval":{"confidence_level":0.95,"lower_bound":0.072522596920967,"upper_bound":0.08708975350697051},"point_estimate":0.08078151054481397,"standard_error":0.0036841865366651887},"median":{"confidence_interval":{"confidence_level":0.95,"lower_bound":0.09457471251502136,"upper_bound":0.1019451405492866},"point_estimate":0.09943336091496313,"standard_error":0.0020756010692608833}}