{"mean":{"confidence_interval":{"confidence_level":0.95,"lower_bound":-0.33985168302248076,"upper_bound":-0.3208280327250342},"point_estimate":-0.33120816865528113,"standard_error":0.004931497477723004},"median":{"confidence_interval":{"confidence_level":0.95,"lower_bound":-0.348014487615924,"upper_bound":-0.34579054927863795},"point_estimate":-0.34705126334321157,"standard_error":0.000537192746422283}}