{"mean":{"confidence_interval":{"confidence_level":0.95,"lower_bound":0.0038970103824858197,"upper_bound":0.01459431463046786},"point_estimate":0.008891923351176834,"standard_error":0.002717787701333553},"median":{"confidence_interval":{"confidence_level":0.95,"lower_bound":-0.0009315409709128973,"upper_bound":0.0009704379158106402},"point_estimate":-0.000044062587258753005,"standard_error":0.0004946772077513606}}