{"mean":{"confidence_interval":{"confidence_level":0.95,"lower_bound":2591.235825673989,"upper_bound":2602.7049819147487},"point_estimate":2596.8766109088388,"standard_error":2.932340352885975},"median":{"confidence_interval":{"confidence_level":0.95,"lower_bound":2587.177426739927,"upper_bound":2597.2061708841047},"point_estimate":2590.734173914321,"standard_error":2.798236468456457},"median_abs_dev":{"confidence_interval":{"confidence_level":0.95,"lower_bound":19.671604285729437,"upper_bound":36.03192710866006},"point_estimate":26.004203372902158,"standard_error":4.341461865396198},"slope":{"confidence_interval":{"confidence_level":0.95,"lower_bound":2599.5590113155367,"upper_bound":2614.37549191772},"point_estimate":2606.902035687085,"standard_error":3.7671458240402336},"std_dev":{"confidence_interval":{"confidence_level":0.95,"lower_bound":25.210601801358198,"upper_bound":33.22987706524772},"point_estimate":29.469301418906596,"standard_error":2.048849984138157}}