{"mean":{"confidence_interval":{"confidence_level":0.95,"lower_bound":-0.004680312557102109,"upper_bound":-0.0010696817034437868},"point_estimate":-0.00281749808735432,"standard_error":0.0009156593902810035},"median":{"confidence_interval":{"confidence_level":0.95,"lower_bound":-0.0015496987101852877,"upper_bound":0.00010897492799146563},"point_estimate":-0.0006198325880956146,"standard_error":0.0003397833462029812}}