{"mean":{"confidence_interval":{"confidence_level":0.95,"lower_bound":-0.23145121491606893,"upper_bound":-0.21528126915789667},"point_estimate":-0.22435242913065412,"standard_error":0.004227947213098051},"median":{"confidence_interval":{"confidence_level":0.95,"lower_bound":-0.24052679303439362,"upper_bound":-0.23643620220139427},"point_estimate":-0.2386874174633128,"standard_error":0.001038607083407202}}