{"mean":{"confidence_interval":{"confidence_level":0.95,"lower_bound":-0.14817947906078383,"upper_bound":-0.08886356986586343},"point_estimate":-0.12085371924304666,"standard_error":0.015694496527912716},"median":{"confidence_interval":{"confidence_level":0.95,"lower_bound":-0.18658245548854988,"upper_bound":-0.17384491557669035},"point_estimate":-0.17981475765475796,"standard_error":0.003279552628627452}}