{"mean":{"confidence_interval":{"confidence_level":0.95,"lower_bound":0.0011417298428539836,"upper_bound":0.005686328494340422},"point_estimate":0.003263161716396512,"standard_error":0.0011673287183789007},"median":{"confidence_interval":{"confidence_level":0.95,"lower_bound":-0.0007483589450979489,"upper_bound":-0.00023190085661088156},"point_estimate":-0.0005012806678025283,"standard_error":0.00013669231171760236}}