{"mean":{"confidence_interval":{"confidence_level":0.95,"lower_bound":-0.004694944976943176,"upper_bound":0.0011485813796200894},"point_estimate":-0.0014619196559529923,"standard_error":0.0014844061353028097},"median":{"confidence_interval":{"confidence_level":0.95,"lower_bound":-0.0011937206573242598,"upper_bound":-0.0006109756955521295},"point_estimate":-0.0009044275137801705,"standard_error":0.00015532990801909218}}