{"mean":{"confidence_interval":{"confidence_level":0.95,"lower_bound":-0.2593419229365508,"upper_bound":-0.25576819485093266},"point_estimate":-0.25750677423829893,"standard_error":0.0009139710702840669},"median":{"confidence_interval":{"confidence_level":0.95,"lower_bound":-0.25793344089207937,"upper_bound":-0.2561527447874795},"point_estimate":-0.25708252255166897,"standard_error":0.0004909494303979388}}