{"mean":{"confidence_interval":{"confidence_level":0.95,"lower_bound":-0.015003114373445271,"upper_bound":-0.008106361338420525},"point_estimate":-0.011730865027031911,"standard_error":0.0017425351578996516},"median":{"confidence_interval":{"confidence_level":0.95,"lower_bound":-0.021268743929313043,"upper_bound":-0.0017235122834070582},"point_estimate":-0.012683935025250892,"standard_error":0.004914482690696903}}