{"mean":{"confidence_interval":{"confidence_level":0.95,"lower_bound":-0.004563817390126669,"upper_bound":-0.0011873374572250214},"point_estimate":-0.002991351556534516,"standard_error":0.0008742851760228236},"median":{"confidence_interval":{"confidence_level":0.95,"lower_bound":-0.004065692558406275,"upper_bound":-0.0026436145088054586},"point_estimate":-0.0032668672210827143,"standard_error":0.0003704919611723958}}