{"mean":{"confidence_interval":{"confidence_level":0.95,"lower_bound":-0.5051112266785646,"upper_bound":-0.48840843655444754},"point_estimate":-0.49776521894698134,"standard_error":0.004082438746205235},"median":{"confidence_interval":{"confidence_level":0.95,"lower_bound":-0.5122052371385013,"upper_bound":-0.5097753900438564},"point_estimate":-0.5105686925063397,"standard_error":0.0007185724074031095}}