{"mean":{"confidence_interval":{"confidence_level":0.95,"lower_bound":0.05647622947107952,"upper_bound":0.09700814129020956},"point_estimate":0.07667083456410406,"standard_error":0.010534603307865105},"median":{"confidence_interval":{"confidence_level":0.95,"lower_bound":0.04635433738468864,"upper_bound":0.05098613473492475},"point_estimate":0.04864715546539067,"standard_error":0.001292294601874847}}