{"mean":{"confidence_interval":{"confidence_level":0.95,"lower_bound":560.0509765013321,"upper_bound":563.3817082126195},"point_estimate":561.6997671907598,"standard_error":0.8488045259073264},"median":{"confidence_interval":{"confidence_level":0.95,"lower_bound":556.0569265774044,"upper_bound":567.4539161634725},"point_estimate":561.2236434041764,"standard_error":2.817566721533215},"median_abs_dev":{"confidence_interval":{"confidence_level":0.95,"lower_bound":5.767761457994692,"upper_bound":11.783531526243676},"point_estimate":10.249241411747933,"standard_error":1.6006688078719467},"slope":{"confidence_interval":{"confidence_level":0.95,"lower_bound":559.0327920274725,"upper_bound":562.3718512576806},"point_estimate":560.6957453347596,"standard_error":0.8541912914432128},"std_dev":{"confidence_interval":{"confidence_level":0.95,"lower_bound":7.406688058497066,"upper_bound":9.778807871683606},"point_estimate":8.586531386661703,"standard_error":0.6113332278749258}}