{"mean":{"confidence_interval":{"confidence_level":0.95,"lower_bound":2624.6907474959426,"upper_bound":2629.198055530079},"point_estimate":2626.71229123267,"standard_error":1.155859007011826},"median":{"confidence_interval":{"confidence_level":0.95,"lower_bound":2622.482151963284,"upper_bound":2624.221623240491},"point_estimate":2623.135953090273,"standard_error":0.4755319847441533},"median_abs_dev":{"confidence_interval":{"confidence_level":0.95,"lower_bound":2.5114235325860914,"upper_bound":4.967846671175946},"point_estimate":3.3962413220619845,"standard_error":0.6417156986490951},"slope":{"confidence_interval":{"confidence_level":0.95,"lower_bound":2623.712373245817,"upper_bound":2628.203704906283},"point_estimate":2625.652156473643,"standard_error":1.1599198333965093},"std_dev":{"confidence_interval":{"confidence_level":0.95,"lower_bound":6.087891974700361,"upper_bound":16.862419585002687},"point_estimate":11.622051023898722,"standard_error":2.899570576506287}}