{"mean":{"confidence_interval":{"confidence_level":0.95,"lower_bound":-0.2745995602093273,"upper_bound":-0.2702927768295991},"point_estimate":-0.2725167522472849,"standard_error":0.0011040531561042999},"median":{"confidence_interval":{"confidence_level":0.95,"lower_bound":-0.27673522764483316,"upper_bound":-0.2740869573795388},"point_estimate":-0.2753310202505622,"standard_error":0.0006748879324852679}}