{"mean":{"confidence_interval":{"confidence_level":0.95,"lower_bound":0.07258990121157,"upper_bound":0.11961003998526802},"point_estimate":0.09322593225847586,"standard_error":0.01237051619480498},"median":{"confidence_interval":{"confidence_level":0.95,"lower_bound":0.03854143038504221,"upper_bound":0.08501005191644782},"point_estimate":0.0819569363227668,"standard_error":0.015381450721564273}}