{"mean":{"confidence_interval":{"confidence_level":0.95,"lower_bound":-0.011102429420112315,"upper_bound":-0.00390790389253437},"point_estimate":-0.007545075740490792,"standard_error":0.0018452770423261443},"median":{"confidence_interval":{"confidence_level":0.95,"lower_bound":-0.01281024876021043,"upper_bound":-0.006987486772076612},"point_estimate":-0.010411644875979564,"standard_error":0.0013949210032107799}}