{"mean":{"confidence_interval":{"confidence_level":0.95,"lower_bound":-0.004471758299654232,"upper_bound":-0.002281398067543065},"point_estimate":-0.003433075168024935,"standard_error":0.0005497114251338333},"median":{"confidence_interval":{"confidence_level":0.95,"lower_bound":-0.0035392994738224935,"upper_bound":-0.0029853659280344447},"point_estimate":-0.003212902275695706,"standard_error":0.00014029958938172212}}