{"mean":{"confidence_interval":{"confidence_level":0.95,"lower_bound":-0.0025068604800525555,"upper_bound":-0.00029291849060933715},"point_estimate":-0.0013771564744943232,"standard_error":0.0005621002421779897},"median":{"confidence_interval":{"confidence_level":0.95,"lower_bound":-0.0017263566320063761,"upper_bound":-0.000611191979977499},"point_estimate":-0.0012256707184046256,"standard_error":0.0003089390062618983}}