{"mean":{"confidence_interval":{"confidence_level":0.95,"lower_bound":-0.10357104286128178,"upper_bound":-0.08203806715823295},"point_estimate":-0.09371616963323726,"standard_error":0.005536173264817014},"median":{"confidence_interval":{"confidence_level":0.95,"lower_bound":-0.11179477699720863,"upper_bound":-0.11101610160064396},"point_estimate":-0.11124076211211897,"standard_error":0.00020191794004068616}}