{"mean":{"confidence_interval":{"confidence_level":0.95,"lower_bound":-0.06779489326507297,"upper_bound":-0.009943743942887898},"point_estimate":-0.03918656575790058,"standard_error":0.014836763303530958},"median":{"confidence_interval":{"confidence_level":0.95,"lower_bound":-0.0448658960633217,"upper_bound":0.02503099416973842},"point_estimate":-0.00713946750616945,"standard_error":0.01700018052234777}}