{"mean":{"confidence_interval":{"confidence_level":0.95,"lower_bound":6234513.600607142,"upper_bound":6539070.631821432},"point_estimate":6381270.114285716,"standard_error":77832.87864437352},"median":{"confidence_interval":{"confidence_level":0.95,"lower_bound":6005851.285714285,"upper_bound":6285193.428571429},"point_estimate":6144211.285714285,"standard_error":70386.69508495719},"median_abs_dev":{"confidence_interval":{"confidence_level":0.95,"lower_bound":414946.90363322076,"upper_bound":646179.655428019},"point_estimate":602959.2186953342,"standard_error":92692.68760705822},"slope":null,"std_dev":{"confidence_interval":{"confidence_level":0.95,"lower_bound":628184.9006697662,"upper_bound":913669.5423426894},"point_estimate":781799.7992211828,"standard_error":73001.1014253814}}