{"mean":{"confidence_interval":{"confidence_level":0.95,"lower_bound":4595078.367840908,"upper_bound":4770336.498613638},"point_estimate":4684454.275454545,"standard_error":44667.553562147325},"median":{"confidence_interval":{"confidence_level":0.95,"lower_bound":4728977.2727272725,"upper_bound":4906454.545454546},"point_estimate":4819149.590909091,"standard_error":43665.9421710101},"median_abs_dev":{"confidence_interval":{"confidence_level":0.95,"lower_bound":144238.98406651907,"upper_bound":394697.2932563584},"point_estimate":268479.7836062588,"standard_error":56899.55604349237},"slope":null,"std_dev":{"confidence_interval":{"confidence_level":0.95,"lower_bound":378064.3707092575,"upper_bound":505392.4795568855},"point_estimate":447677.99720514554,"standard_error":32452.56036197676}}