{"mean":{"confidence_interval":{"confidence_level":0.95,"lower_bound":4330.494197892377,"upper_bound":4344.98179749222},"point_estimate":4337.384051560213,"standard_error":3.7037533323369205},"median":{"confidence_interval":{"confidence_level":0.95,"lower_bound":4328.014663324168,"upper_bound":4331.964528048371},"point_estimate":4329.746226967728,"standard_error":1.222734090483829},"median_abs_dev":{"confidence_interval":{"confidence_level":0.95,"lower_bound":12.81810545656724,"upper_bound":20.91058122132145},"point_estimate":18.086204593810603,"standard_error":2.004737363439995},"slope":{"confidence_interval":{"confidence_level":0.95,"lower_bound":4320.471238437477,"upper_bound":4331.023505194656},"point_estimate":4325.397504999539,"standard_error":2.692793686860729},"std_dev":{"confidence_interval":{"confidence_level":0.95,"lower_bound":26.76978345401589,"upper_bound":45.68794304165551},"point_estimate":37.28041311225891,"standard_error":4.838685348499851}}