{"mean":{"confidence_interval":{"confidence_level":0.95,"lower_bound":-0.003162304773344403,"upper_bound":0.0008529050974680612},"point_estimate":-0.001141888772250077,"standard_error":0.0010344703972488811},"median":{"confidence_interval":{"confidence_level":0.95,"lower_bound":-0.0020215668951603094,"upper_bound":-0.0005011056884465237},"point_estimate":-0.0012729203263084354,"standard_error":0.00039086297545005397}}