{"mean":{"confidence_interval":{"confidence_level":0.95,"lower_bound":-0.09721559682638917,"upper_bound":-0.054318808575888694},"point_estimate":-0.07638372012753958,"standard_error":0.011112978643527824},"median":{"confidence_interval":{"confidence_level":0.95,"lower_bound":-0.08540833781223067,"upper_bound":-0.046618540999421754},"point_estimate":-0.06295214245965508,"standard_error":0.010526463201584048}}