{"mean":{"confidence_interval":{"confidence_level":0.95,"lower_bound":-0.1703620860874099,"upper_bound":-0.16208165869015662},"point_estimate":-0.16653110773492064,"standard_error":0.002129003789662749},"median":{"confidence_interval":{"confidence_level":0.95,"lower_bound":-0.1706065776178649,"upper_bound":-0.16827816027805764},"point_estimate":-0.16967967600704892,"standard_error":0.0005753124223025069}}