{"mean":{"confidence_interval":{"confidence_level":0.95,"lower_bound":-0.5220359062233059,"upper_bound":-0.5087882042028843},"point_estimate":-0.516302205950668,"standard_error":0.0033470181926853},"median":{"confidence_interval":{"confidence_level":0.95,"lower_bound":-0.5288922271456167,"upper_bound":-0.5248776278872697},"point_estimate":-0.526944887243472,"standard_error":0.0009195988131628583}}