{"mean":{"confidence_interval":{"confidence_level":0.95,"lower_bound":-0.15148959807472737,"upper_bound":-0.12678891018104507},"point_estimate":-0.13926307943098504,"standard_error":0.006384091162650096},"median":{"confidence_interval":{"confidence_level":0.95,"lower_bound":-0.1608822115488453,"upper_bound":-0.14192910484769017},"point_estimate":-0.1475720416297741,"standard_error":0.005249858964237025}}