{"mean":{"confidence_interval":{"confidence_level":0.95,"lower_bound":-0.4764390403618397,"upper_bound":-0.4747052635244726},"point_estimate":-0.4755573363948892,"standard_error":0.00044248344764315965},"median":{"confidence_interval":{"confidence_level":0.95,"lower_bound":-0.47572141779934707,"upper_bound":-0.47470013809598277},"point_estimate":-0.4752268858365706,"standard_error":0.000258091779475696}}