{"mean":{"confidence_interval":{"confidence_level":0.95,"lower_bound":184155.27537721136,"upper_bound":189411.13042285942},"point_estimate":186606.19617910485,"standard_error":1345.882579234494},"median":{"confidence_interval":{"confidence_level":0.95,"lower_bound":181463.37878787878,"upper_bound":182093.13095238095},"point_estimate":181736.4860090703,"standard_error":148.46076917880256},"median_abs_dev":{"confidence_interval":{"confidence_level":0.95,"lower_bound":465.8766294213446,"upper_bound":1118.694579533648},"point_estimate":712.3545389156789,"standard_error":159.98956005495762},"slope":{"confidence_interval":{"confidence_level":0.95,"lower_bound":184793.81483696646,"upper_bound":191924.9923188111},"point_estimate":188032.6722156544,"standard_error":1819.8529079842745},"std_dev":{"confidence_interval":{"confidence_level":0.95,"lower_bound":8935.526581932667,"upper_bound":17128.455421482613},"point_estimate":13484.757164411136,"standard_error":2092.833099308125}}