{"mean":{"confidence_interval":{"confidence_level":0.95,"lower_bound":-0.013394318234525632,"upper_bound":-0.005128115712008131},"point_estimate":-0.009313688328378644,"standard_error":0.0021115916273535297},"median":{"confidence_interval":{"confidence_level":0.95,"lower_bound":-0.005783493573250274,"upper_bound":-0.0006063962018278968},"point_estimate":-0.0019205293356272524,"standard_error":0.0012459735793618535}}