{"mean":{"confidence_interval":{"confidence_level":0.95,"lower_bound":0.07917786121184166,"upper_bound":0.10915035467513273},"point_estimate":0.09329288335301,"standard_error":0.007670846859208812},"median":{"confidence_interval":{"confidence_level":0.95,"lower_bound":0.07980659267337198,"upper_bound":0.09871388500662125},"point_estimate":0.08494639173727059,"standard_error":0.0038291200608255344}}