{"mean":{"confidence_interval":{"confidence_level":0.95,"lower_bound":-0.001909482685233635,"upper_bound":0.00160282882201402},"point_estimate":-0.00023833491012881236,"standard_error":0.0009133480230417214},"median":{"confidence_interval":{"confidence_level":0.95,"lower_bound":0.0003304984155493465,"upper_bound":0.0009296279680099939},"point_estimate":0.0007263645205271008,"standard_error":0.00014500112594064535}}