{"mean":{"confidence_interval":{"confidence_level":0.95,"lower_bound":-0.0033985272723111304,"upper_bound":0.002065005179020279},"point_estimate":-0.00072195220975102,"standard_error":0.0013917725038611348},"median":{"confidence_interval":{"confidence_level":0.95,"lower_bound":-0.00148162120672779,"upper_bound":-0.0005547016175085906},"point_estimate":-0.000983408813865383,"standard_error":0.00022645215770207696}}