{"mean":{"confidence_interval":{"confidence_level":0.95,"lower_bound":4872.312163296216,"upper_bound":4882.2244612676195},"point_estimate":4876.940495510294,"standard_error":2.53490665987294},"median":{"confidence_interval":{"confidence_level":0.95,"lower_bound":4868.466694033936,"upper_bound":4878.534938879767},"point_estimate":4873.663016294051,"standard_error":2.33989184030185},"median_abs_dev":{"confidence_interval":{"confidence_level":0.95,"lower_bound":12.944063631953686,"upper_bound":19.50081933788065},"point_estimate":16.75049086986991,"standard_error":1.6804685100021526},"slope":{"confidence_interval":{"confidence_level":0.95,"lower_bound":4867.291874423192,"upper_bound":4874.076335532539},"point_estimate":4870.615040172497,"standard_error":1.7274246600791896},"std_dev":{"confidence_interval":{"confidence_level":0.95,"lower_bound":16.49697487072834,"upper_bound":33.387416194591864},"point_estimate":25.50592503890209,"standard_error":4.34633359219041}}