{"mean":{"confidence_interval":{"confidence_level":0.95,"lower_bound":0.026866199239084232,"upper_bound":0.049878831949158535},"point_estimate":0.038088587052388156,"standard_error":0.006139668059726827},"median":{"confidence_interval":{"confidence_level":0.95,"lower_bound":0.0042840749293555636,"upper_bound":0.013250308737827288},"point_estimate":0.008027249300925243,"standard_error":0.002306979456381293}}