{"mean":{"confidence_interval":{"confidence_level":0.95,"lower_bound":5398263.731250001,"upper_bound":5663963.6236000005},"point_estimate":5534100.913000002,"standard_error":67751.73109579363},"median":{"confidence_interval":{"confidence_level":0.95,"lower_bound":5605229.2,"upper_bound":5901345.8},"point_estimate":5798320.8,"standard_error":70827.01648719344},"median_abs_dev":{"confidence_interval":{"confidence_level":0.95,"lower_bound":293276.80729329586,"upper_bound":599254.529651106},"point_estimate":440211.7309346795,"standard_error":87624.01950985458},"slope":null,"std_dev":{"confidence_interval":{"confidence_level":0.95,"lower_bound":581215.6602033691,"upper_bound":757373.9707463608},"point_estimate":678809.3372374739,"standard_error":45061.768172782125}}