{"mean":{"confidence_interval":{"confidence_level":0.95,"lower_bound":4764648.242568182,"upper_bound":4848883.122613636},"point_estimate":4807060.15181818,"standard_error":21430.2375249558},"median":{"confidence_interval":{"confidence_level":0.95,"lower_bound":4731897.7272727275,"upper_bound":4897144.0},"point_estimate":4819227.272727273,"standard_error":21935.148224946024},"median_abs_dev":{"confidence_interval":{"confidence_level":0.95,"lower_bound":135205.83938143388,"upper_bound":247142.20478507655},"point_estimate":140380.8545895597,"standard_error":22750.21844382867},"slope":null,"std_dev":{"confidence_interval":{"confidence_level":0.95,"lower_bound":157093.37364974135,"upper_bound":274223.3935502281},"point_estimate":215501.06127067262,"standard_error":30264.721885724015}}