{"mean":{"confidence_interval":{"confidence_level":0.95,"lower_bound":-0.004864000475965529,"upper_bound":-0.0004091491738457037},"point_estimate":-0.0025602491484725265,"standard_error":0.001135260059151636},"median":{"confidence_interval":{"confidence_level":0.95,"lower_bound":-0.002400319659118133,"upper_bound":-0.0015654043993134081},"point_estimate":-0.0019969901838260418,"standard_error":0.00021454827462973855}}