{"mean":{"confidence_interval":{"confidence_level":0.95,"lower_bound":-0.17262066409681767,"upper_bound":-0.12202351617790101},"point_estimate":-0.14854764717025914,"standard_error":0.012883388670471237},"median":{"confidence_interval":{"confidence_level":0.95,"lower_bound":-0.15447034890917277,"upper_bound":-0.10994197717705867},"point_estimate":-0.1258864394194511,"standard_error":0.011653593646441017}}