{"mean":{"confidence_interval":{"confidence_level":0.95,"lower_bound":-0.1142459950325455,"upper_bound":-0.11167177357705654},"point_estimate":-0.11302837757368611,"standard_error":0.0006474791228968212},"median":{"confidence_interval":{"confidence_level":0.95,"lower_bound":-0.11387856414644115,"upper_bound":-0.1126490059151114},"point_estimate":-0.11350731043491136,"standard_error":0.0003130950991248497}}