{"mean":{"confidence_interval":{"confidence_level":0.95,"lower_bound":-0.48148400605033453,"upper_bound":-0.4766618221709574},"point_estimate":-0.47908433794130656,"standard_error":0.0012238077899299489},"median":{"confidence_interval":{"confidence_level":0.95,"lower_bound":-0.4805465706476213,"upper_bound":-0.4751391454838382},"point_estimate":-0.4769704219379467,"standard_error":0.0014496738970728477}}