{"mean":{"confidence_interval":{"confidence_level":0.95,"lower_bound":4700992.68425,"upper_bound":4797112.286749999},"point_estimate":4747343.716666668,"standard_error":24442.107734365905},"median":{"confidence_interval":{"confidence_level":0.95,"lower_bound":4674673.583333333,"upper_bound":4753855.916666666},"point_estimate":4740538.208333334,"standard_error":25843.349882345683},"median_abs_dev":{"confidence_interval":{"confidence_level":0.95,"lower_bound":129390.32975286199,"upper_bound":244958.3799511199},"point_estimate":162666.42131209237,"standard_error":34810.85058673632},"slope":null,"std_dev":{"confidence_interval":{"confidence_level":0.95,"lower_bound":187123.24481027,"upper_bound":309132.8836012399},"point_estimate":245180.03892539092,"standard_error":31911.309516346508}}