{"mean":{"confidence_interval":{"confidence_level":0.95,"lower_bound":-0.31344118315539893,"upper_bound":-0.2967298219580582},"point_estimate":-0.3056479632207686,"standard_error":0.004327018930540681},"median":{"confidence_interval":{"confidence_level":0.95,"lower_bound":-0.3171108719915249,"upper_bound":-0.3050531755428106},"point_estimate":-0.31332365584891264,"standard_error":0.004073914599510654}}