{"mean":{"confidence_interval":{"confidence_level":0.95,"lower_bound":0.06633652162174365,"upper_bound":0.08660002485253841},"point_estimate":0.07602585676031381,"standard_error":0.005335067021267205},"median":{"confidence_interval":{"confidence_level":0.95,"lower_bound":0.06993892143337077,"upper_bound":0.07595268966887492},"point_estimate":0.07287150911382412,"standard_error":0.0017304392941053087}}