{"mean":{"confidence_interval":{"confidence_level":0.95,"lower_bound":0.003198429752206285,"upper_bound":0.01274600436495161},"point_estimate":0.008012907113203127,"standard_error":0.002418253975218534},"median":{"confidence_interval":{"confidence_level":0.95,"lower_bound":-0.0003748290713658786,"upper_bound":0.008273477454919798},"point_estimate":0.0011271382080901837,"standard_error":0.001909298367622429}}