{"mean":{"confidence_interval":{"confidence_level":0.95,"lower_bound":0.027083845598551856,"upper_bound":0.07233255441981336},"point_estimate":0.047262783017368415,"standard_error":0.011089996399511746},"median":{"confidence_interval":{"confidence_level":0.95,"lower_bound":0.007564034424749622,"upper_bound":0.023965464761170896},"point_estimate":0.015135151610121245,"standard_error":0.004250774077642186}}