{"mean":{"confidence_interval":{"confidence_level":0.95,"lower_bound":-0.00789331197502075,"upper_bound":-0.0009449789903370322},"point_estimate":-0.004451813524022907,"standard_error":0.0017654192285806863},"median":{"confidence_interval":{"confidence_level":0.95,"lower_bound":-0.01170093580323206,"upper_bound":0.0057621135367753595},"point_estimate":-0.0013055890369285672,"standard_error":0.004594255205100947}}