{"mean":{"confidence_interval":{"confidence_level":0.95,"lower_bound":-0.16392129753940932,"upper_bound":-0.141136518814407},"point_estimate":-0.1544160649546812,"standard_error":0.005536472126384395},"median":{"confidence_interval":{"confidence_level":0.95,"lower_bound":-0.1705371488395805,"upper_bound":-0.1686744195226184},"point_estimate":-0.169705650565373,"standard_error":0.0005121531026255644}}