{"mean":{"confidence_interval":{"confidence_level":0.95,"lower_bound":-0.508749918105462,"upper_bound":-0.4963696431653926},"point_estimate":-0.5030784704942215,"standard_error":0.003179235775732587},"median":{"confidence_interval":{"confidence_level":0.95,"lower_bound":-0.513803054011071,"upper_bound":-0.5124725666391814},"point_estimate":-0.5130981821514302,"standard_error":0.00036133512831321727}}