{"mean":{"confidence_interval":{"confidence_level":0.95,"lower_bound":-0.40349793723923305,"upper_bound":-0.4003289801964991},"point_estimate":-0.4019641249589463,"standard_error":0.0007954008555018623},"median":{"confidence_interval":{"confidence_level":0.95,"lower_bound":-0.4035060135738654,"upper_bound":-0.40054086264190536},"point_estimate":-0.4024046121667607,"standard_error":0.0007409942740700858}}