{"mean":{"confidence_interval":{"confidence_level":0.95,"lower_bound":-0.4271045354996297,"upper_bound":-0.41362889690601085},"point_estimate":-0.4208173455737835,"standard_error":0.0033387362042748155},"median":{"confidence_interval":{"confidence_level":0.95,"lower_bound":-0.43886905238283425,"upper_bound":-0.4351735996281022},"point_estimate":-0.43759954749408303,"standard_error":0.0008540097136887588}}