{"mean":{"confidence_interval":{"confidence_level":0.95,"lower_bound":-0.12553512049095378,"upper_bound":-0.08758240123631342},"point_estimate":-0.10784780528406734,"standard_error":0.009613142051289792},"median":{"confidence_interval":{"confidence_level":0.95,"lower_bound":-0.14487694541860763,"upper_bound":-0.14107278498911913},"point_estimate":-0.14334565695866175,"standard_error":0.0011413551616688666}}