{"mean":{"confidence_interval":{"confidence_level":0.95,"lower_bound":-0.37327379454566134,"upper_bound":-0.3563639609993999},"point_estimate":-0.3653194018218845,"standard_error":0.004377418365105492},"median":{"confidence_interval":{"confidence_level":0.95,"lower_bound":-0.3788465021471311,"upper_bound":-0.37378688850250485},"point_estimate":-0.37672633141159273,"standard_error":0.0011371075810900117}}