{"mean":{"confidence_interval":{"confidence_level":0.95,"lower_bound":4729791.146727273,"upper_bound":4814886.192704544},"point_estimate":4772564.316363636,"standard_error":21752.632393223146},"median":{"confidence_interval":{"confidence_level":0.95,"lower_bound":4731280.2727272725,"upper_bound":4816717.818181818},"point_estimate":4796236.727272727,"standard_error":31046.4001474991},"median_abs_dev":{"confidence_interval":{"confidence_level":0.95,"lower_bound":86181.71691542285,"upper_bound":203908.95270852846},"point_estimate":157579.62080240386,"standard_error":27117.86029011736},"slope":null,"std_dev":{"confidence_interval":{"confidence_level":0.95,"lower_bound":172182.36305259654,"upper_bound":260101.3392315062},"point_estimate":218109.93088370695,"standard_error":22432.16745327525}}