{"mean":{"confidence_interval":{"confidence_level":0.95,"lower_bound":4337.6763810661905,"upper_bound":4347.84729651789},"point_estimate":4342.342523733329,"standard_error":2.5984925297674546},"median":{"confidence_interval":{"confidence_level":0.95,"lower_bound":4333.093851752537,"upper_bound":4337.701444264763},"point_estimate":4335.264673490541,"standard_error":1.213521229794722},"median_abs_dev":{"confidence_interval":{"confidence_level":0.95,"lower_bound":8.068914001689071,"upper_bound":12.972465671082212},"point_estimate":10.667601653955817,"standard_error":1.2006515243614728},"slope":{"confidence_interval":{"confidence_level":0.95,"lower_bound":4334.445284997578,"upper_bound":4340.8810420730015},"point_estimate":4337.392382806168,"standard_error":1.6422794360285078},"std_dev":{"confidence_interval":{"confidence_level":0.95,"lower_bound":15.774416034762373,"upper_bound":34.93203506879396},"point_estimate":26.18523632083798,"standard_error":4.885355295104463}}