{"mean":{"confidence_interval":{"confidence_level":0.95,"lower_bound":0.05564432091262973,"upper_bound":0.07526685113309091},"point_estimate":0.06514508459284363,"standard_error":0.004941677217529941},"median":{"confidence_interval":{"confidence_level":0.95,"lower_bound":0.03653495321979361,"upper_bound":0.10773308488256192},"point_estimate":0.1059229014455414,"standard_error":0.02159222714893502}}