{"mean":{"confidence_interval":{"confidence_level":0.95,"lower_bound":-0.008033456275070506,"upper_bound":-0.0027993893783504974},"point_estimate":-0.005026281266277466,"standard_error":0.001351740336659166},"median":{"confidence_interval":{"confidence_level":0.95,"lower_bound":-0.003462516859513154,"upper_bound":-0.0023700898654456237},"point_estimate":-0.002764300008001541,"standard_error":0.00028475294747402956}}