{"mean":{"confidence_interval":{"confidence_level":0.95,"lower_bound":-0.008849025869839534,"upper_bound":-0.0029247831633363443},"point_estimate":-0.005856116741685624,"standard_error":0.001507274425443865},"median":{"confidence_interval":{"confidence_level":0.95,"lower_bound":-0.004636603864872635,"upper_bound":-0.0019895501377916736},"point_estimate":-0.003364673382503236,"standard_error":0.0007051807988208318}}