{"mean":{"confidence_interval":{"confidence_level":0.95,"lower_bound":-0.45860806256434844,"upper_bound":-0.45547370276604676},"point_estimate":-0.45716702642817775,"standard_error":0.0008222097739269239},"median":{"confidence_interval":{"confidence_level":0.95,"lower_bound":-0.4593027495673697,"upper_bound":-0.45610980718120087},"point_estimate":-0.45777679351369105,"standard_error":0.0007348072365275439}}