{"mean":{"confidence_interval":{"confidence_level":0.95,"lower_bound":-0.009453749692659113,"upper_bound":-0.006237177835020886},"point_estimate":-0.007870893296623938,"standard_error":0.0008238250048372527},"median":{"confidence_interval":{"confidence_level":0.95,"lower_bound":-0.007818687752568443,"upper_bound":-0.005076002613902508},"point_estimate":-0.006396229348618054,"standard_error":0.0007714974442192437}}