{"mean":{"confidence_interval":{"confidence_level":0.95,"lower_bound":4622983.456727273,"upper_bound":4800369.099204544},"point_estimate":4713628.750000001,"standard_error":45322.29031148146},"median":{"confidence_interval":{"confidence_level":0.95,"lower_bound":4816750.045454545,"upper_bound":4907984.818181818},"point_estimate":4834910.954545455,"standard_error":38845.26924908427},"median_abs_dev":{"confidence_interval":{"confidence_level":0.95,"lower_bound":146667.81977794375,"upper_bound":373567.5479951225},"point_estimate":249627.10973186832,"standard_error":49732.06356231053},"slope":null,"std_dev":{"confidence_interval":{"confidence_level":0.95,"lower_bound":378820.2688587627,"upper_bound":515961.1623113469},"point_estimate":455299.9202020512,"standard_error":35095.68112439082}}