{"mean":{"confidence_interval":{"confidence_level":0.95,"lower_bound":0.047415870810041054,"upper_bound":0.1038687732491257},"point_estimate":0.07052391050896034,"standard_error":0.014645920607113321},"median":{"confidence_interval":{"confidence_level":0.95,"lower_bound":0.02503073975382697,"upper_bound":0.05908093009540024},"point_estimate":0.055101490886666715,"standard_error":0.008978812709681046}}