{"mean":{"confidence_interval":{"confidence_level":0.95,"lower_bound":-0.27887104732349555,"upper_bound":-0.2597747569794305},"point_estimate":-0.27000170146991753,"standard_error":0.004731468685493297},"median":{"confidence_interval":{"confidence_level":0.95,"lower_bound":-0.28638940188348183,"upper_bound":-0.28543785989405673},"point_estimate":-0.2858640825176689,"standard_error":0.00024028875057457283}}