{"mean":{"confidence_interval":{"confidence_level":0.95,"lower_bound":-0.23861998964006753,"upper_bound":-0.22411658645263705},"point_estimate":-0.2316899460441102,"standard_error":0.0037608653483176373},"median":{"confidence_interval":{"confidence_level":0.95,"lower_bound":-0.23904883319725556,"upper_bound":-0.23683132790924155},"point_estimate":-0.23803316354713033,"standard_error":0.0005911610271220376}}