{"mean":{"confidence_interval":{"confidence_level":0.95,"lower_bound":-0.00937230811741708,"upper_bound":-0.007351390379173043},"point_estimate":-0.008397096647233315,"standard_error":0.0005135179250106839},"median":{"confidence_interval":{"confidence_level":0.95,"lower_bound":-0.008937451779357453,"upper_bound":-0.008227865824446234},"point_estimate":-0.008656646513394817,"standard_error":0.00018392463534625016}}