{"mean":{"confidence_interval":{"confidence_level":0.95,"lower_bound":-0.17856896742638392,"upper_bound":-0.15264332824839663},"point_estimate":-0.16719500875814874,"standard_error":0.00677233156148356},"median":{"confidence_interval":{"confidence_level":0.95,"lower_bound":-0.21044587852255703,"upper_bound":-0.18893591955214883},"point_estimate":-0.20159991845584735,"standard_error":0.005275169639157073}}