{"mean":{"confidence_interval":{"confidence_level":0.95,"lower_bound":72531.24275951748,"upper_bound":72701.31821585554},"point_estimate":72613.23198579575,"standard_error":43.371396739691335},"median":{"confidence_interval":{"confidence_level":0.95,"lower_bound":72551.50973606497,"upper_bound":72622.15909090909},"point_estimate":72585.95412035783,"standard_error":18.972719851455437},"median_abs_dev":{"confidence_interval":{"confidence_level":0.95,"lower_bound":162.53840000057286,"upper_bound":342.2138828133819},"point_estimate":236.0064466376959,"standard_error":48.54197604492921},"slope":{"confidence_interval":{"confidence_level":0.95,"lower_bound":72472.22924710816,"upper_bound":72701.90442329271},"point_estimate":72587.75714349047,"standard_error":58.48056809372584},"std_dev":{"confidence_interval":{"confidence_level":0.95,"lower_bound":312.1049943062655,"upper_bound":556.944760821952},"point_estimate":435.95552700610665,"standard_error":63.26288061744902}}