{"mean":{"confidence_interval":{"confidence_level":0.95,"lower_bound":-0.4419344207352733,"upper_bound":-0.427603904962647},"point_estimate":-0.4351276893199425,"standard_error":0.0036637773934903336},"median":{"confidence_interval":{"confidence_level":0.95,"lower_bound":-0.4517703697484078,"upper_bound":-0.4464735925671126},"point_estimate":-0.44913625730795204,"standard_error":0.0011959109256503377}}