{"mean":{"confidence_interval":{"confidence_level":0.95,"lower_bound":-0.14736321162742386,"upper_bound":-0.14521528961099567},"point_estimate":-0.14627809643954748,"standard_error":0.0005420520060545516},"median":{"confidence_interval":{"confidence_level":0.95,"lower_bound":-0.1467131025288031,"upper_bound":-0.1460475414774033},"point_estimate":-0.14642517579204617,"standard_error":0.0001742010002367552}}