{"mean":{"confidence_interval":{"confidence_level":0.95,"lower_bound":0.07809896028802497,"upper_bound":0.1140998007218802},"point_estimate":0.09555268358837132,"standard_error":0.0091222869192959},"median":{"confidence_interval":{"confidence_level":0.95,"lower_bound":0.06591006716077463,"upper_bound":0.10331023743689927},"point_estimate":0.09331743903614131,"standard_error":0.011446393292146717}}