{"mean":{"confidence_interval":{"confidence_level":0.95,"lower_bound":0.027180007114071633,"upper_bound":0.08722723121920706},"point_estimate":0.05621788523023419,"standard_error":0.015099154126620188},"median":{"confidence_interval":{"confidence_level":0.95,"lower_bound":-0.001385077490204334,"upper_bound":0.0069206533003327575},"point_estimate":0.0017569954796863296,"standard_error":0.0020151452261429944}}