{"mean":{"confidence_interval":{"confidence_level":0.95,"lower_bound":4520137.501895834,"upper_bound":4723680.687854168},"point_estimate":4622346.184999999,"standard_error":51984.482981102854},"median":{"confidence_interval":{"confidence_level":0.95,"lower_bound":4615789.958333334,"upper_bound":4767899.333333333},"point_estimate":4725336.791666667,"standard_error":42197.243043858754},"median_abs_dev":{"confidence_interval":{"confidence_level":0.95,"lower_bound":259459.92503866556,"upper_bound":547130.848861486},"point_estimate":345342.8767189386,"standard_error":72365.91515120701},"slope":null,"std_dev":{"confidence_interval":{"confidence_level":0.95,"lower_bound":441372.39222518733,"upper_bound":591902.8571375817},"point_estimate":521102.8008101583,"standard_error":38279.640389138636}}