{"mean":{"confidence_interval":{"confidence_level":0.95,"lower_bound":-0.5776468256853414,"upper_bound":-0.5646995792512783},"point_estimate":-0.5716076918323592,"standard_error":0.003201358445935954},"median":{"confidence_interval":{"confidence_level":0.95,"lower_bound":-0.5811832325054098,"upper_bound":-0.5786654710010484},"point_estimate":-0.5802141526957076,"standard_error":0.0006853640455092251}}