{"mean":{"confidence_interval":{"confidence_level":0.95,"lower_bound":556682.6761601481,"upper_bound":558096.1404318587},"point_estimate":557350.6010400862,"standard_error":359.8181981382009},"median":{"confidence_interval":{"confidence_level":0.95,"lower_bound":555967.3558441559,"upper_bound":557203.804347826},"point_estimate":556541.4238145575,"standard_error":333.3309876315214},"median_abs_dev":{"confidence_interval":{"confidence_level":0.95,"lower_bound":1825.2302745776676,"upper_bound":3455.3914654132373},"point_estimate":2317.4354353202043,"standard_error":454.8045638527341},"slope":{"confidence_interval":{"confidence_level":0.95,"lower_bound":556557.7371989795,"upper_bound":557671.3896574164},"point_estimate":557108.1274582533,"standard_error":284.38053183290526},"std_dev":{"confidence_interval":{"confidence_level":0.95,"lower_bound":2556.5208631811142,"upper_bound":4767.98726375703},"point_estimate":3616.0555286075346,"standard_error":589.6223761694883}}