{"mean":{"confidence_interval":{"confidence_level":0.95,"lower_bound":-0.1702802883308726,"upper_bound":-0.1673672413342065},"point_estimate":-0.16884714533267287,"standard_error":0.0007461636987375177},"median":{"confidence_interval":{"confidence_level":0.95,"lower_bound":-0.17087671439578112,"upper_bound":-0.16912061790636168},"point_estimate":-0.17001967445774735,"standard_error":0.00042691022291079504}}