{"mean":{"confidence_interval":{"confidence_level":0.95,"lower_bound":-0.2528590287493089,"upper_bound":-0.21920633709293122},"point_estimate":-0.23881619872241378,"standard_error":0.008695834722162952},"median":{"confidence_interval":{"confidence_level":0.95,"lower_bound":-0.2673566983631719,"upper_bound":-0.2648249650342681},"point_estimate":-0.2661932488167097,"standard_error":0.0006050054630984231}}