{"mean":{"confidence_interval":{"confidence_level":0.95,"lower_bound":-0.0331441318351295,"upper_bound":0.008890969413526883},"point_estimate":-0.012239777569688415,"standard_error":0.010709977347959282},"median":{"confidence_interval":{"confidence_level":0.95,"lower_bound":-0.011691941253922034,"upper_bound":0.03614588408293762},"point_estimate":0.014953183868027686,"standard_error":0.011877242786911341}}