{"mean":{"confidence_interval":{"confidence_level":0.95,"lower_bound":-0.007278397798728126,"upper_bound":-0.00392917199279539},"point_estimate":-0.00565037823365544,"standard_error":0.0008492725609796774},"median":{"confidence_interval":{"confidence_level":0.95,"lower_bound":-0.007010846606175125,"upper_bound":-0.005281192165444979},"point_estimate":-0.006393769248309367,"standard_error":0.0004619452338593255}}