{"mean":{"confidence_interval":{"confidence_level":0.95,"lower_bound":-0.17369320217923892,"upper_bound":-0.15334107191951774},"point_estimate":-0.16345262872307365,"standard_error":0.005268800338052948},"median":{"confidence_interval":{"confidence_level":0.95,"lower_bound":-0.18101177666133134,"upper_bound":-0.16847090133944564},"point_estimate":-0.1762321419515731,"standard_error":0.0031173654777424506}}