{"mean":{"confidence_interval":{"confidence_level":0.95,"lower_bound":4688884.842249999,"upper_bound":4806036.95684091},"point_estimate":4743205.453636363,"standard_error":29813.53790073369},"median":{"confidence_interval":{"confidence_level":0.95,"lower_bound":4719367.454545454,"upper_bound":4770895.818181818},"point_estimate":4733426.136363637,"standard_error":11944.24987153581},"median_abs_dev":{"confidence_interval":{"confidence_level":0.95,"lower_bound":137016.9026401915,"upper_bound":253639.76656063081},"point_estimate":157338.09178850925,"standard_error":33584.136083821},"slope":null,"std_dev":{"confidence_interval":{"confidence_level":0.95,"lower_bound":180336.45212541806,"upper_bound":433461.16132097086},"point_estimate":298747.19998452417,"standard_error":72366.3253577156}}