{"mean":{"confidence_interval":{"confidence_level":0.95,"lower_bound":-0.0016086165056782976,"upper_bound":0.0016990422804496418},"point_estimate":-3.927493741340271e-8,"standard_error":0.0008467720153614016},"median":{"confidence_interval":{"confidence_level":0.95,"lower_bound":-0.0008826415222001893,"upper_bound":0.0002386957336435458},"point_estimate":-0.0005310761009903464,"standard_error":0.0002791313475462396}}