{"mean":{"confidence_interval":{"confidence_level":0.95,"lower_bound":4591464.006704544,"upper_bound":4720387.356568183},"point_estimate":4653340.523636364,"standard_error":32897.05238272843},"median":{"confidence_interval":{"confidence_level":0.95,"lower_bound":4635905.2727272725,"upper_bound":4728530.272727273},"point_estimate":4714272.727272727,"standard_error":31118.03100840988},"median_abs_dev":{"confidence_interval":{"confidence_level":0.95,"lower_bound":145261.1019665541,"upper_bound":314291.51627475535},"point_estimate":257801.08773220677,"standard_error":39263.71175044692},"slope":null,"std_dev":{"confidence_interval":{"confidence_level":0.95,"lower_bound":237684.45448212823,"upper_bound":437084.1457829342},"point_estimate":329859.8835048387,"standard_error":54371.66454765724}}