{"mean":{"confidence_interval":{"confidence_level":0.95,"lower_bound":0.04476293845712067,"upper_bound":0.11645024848770855},"point_estimate":0.07939570793911921,"standard_error":0.017850326129452258},"median":{"confidence_interval":{"confidence_level":0.95,"lower_bound":0.009839291696501329,"upper_bound":0.018248961116505757},"point_estimate":0.013708776835285041,"standard_error":0.0022405276006937478}}