{"mean":{"confidence_interval":{"confidence_level":0.95,"lower_bound":-0.00022236910085116028,"upper_bound":0.004852089737943276},"point_estimate":0.0023170715138440823,"standard_error":0.0012327565289656187},"median":{"confidence_interval":{"confidence_level":0.95,"lower_bound":-0.0021768436369229427,"upper_bound":-0.0002806467943704538},"point_estimate":-0.0012274531877322081,"standard_error":0.0005317545002986731}}