{"mean":{"confidence_interval":{"confidence_level":0.95,"lower_bound":-0.005146595326126126,"upper_bound":0.0025575793956814073},"point_estimate":-0.0012160569561916468,"standard_error":0.001960062188124271},"median":{"confidence_interval":{"confidence_level":0.95,"lower_bound":-0.0007435219634901458,"upper_bound":0.014797093545242834},"point_estimate":0.008717905129128178,"standard_error":0.004267771655979073}}