{"mean":{"confidence_interval":{"confidence_level":0.95,"lower_bound":0.05049369030238163,"upper_bound":0.08193640530140452},"point_estimate":0.06478441618468911,"standard_error":0.007666471195531751},"median":{"confidence_interval":{"confidence_level":0.95,"lower_bound":0.02041849203344137,"upper_bound":0.04232271247717678},"point_estimate":0.03980700513383728,"standard_error":0.008728842548287319}}