{"mean":{"confidence_interval":{"confidence_level":0.95,"lower_bound":-0.5040287298278165,"upper_bound":-0.49899871743934215},"point_estimate":-0.5014423766977458,"standard_error":0.0012874117142350722},"median":{"confidence_interval":{"confidence_level":0.95,"lower_bound":-0.5012713745481245,"upper_bound":-0.49396923566850304},"point_estimate":-0.4977255121614286,"standard_error":0.001790975871874149}}