{"mean":{"confidence_interval":{"confidence_level":0.95,"lower_bound":-0.031285399773726394,"upper_bound":-0.02334672788190295},"point_estimate":-0.02728575936613331,"standard_error":0.0020252135403471603},"median":{"confidence_interval":{"confidence_level":0.95,"lower_bound":-0.04148212513270355,"upper_bound":-0.039317832722235324},"point_estimate":-0.04041626894775174,"standard_error":0.0005286294944879223}}