{"mean":{"confidence_interval":{"confidence_level":0.95,"lower_bound":4689288.205704545,"upper_bound":4792500.106204545},"point_estimate":4742501.438181818,"standard_error":26327.202275783508},"median":{"confidence_interval":{"confidence_level":0.95,"lower_bound":4727776.454545454,"upper_bound":4817083.2727272725},"point_estimate":4748149.636363637,"standard_error":35549.12282393784},"median_abs_dev":{"confidence_interval":{"confidence_level":0.95,"lower_bound":132979.1090027857,"upper_bound":247451.2072607273},"point_estimate":170131.17739774977,"standard_error":29053.912811473914},"slope":null,"std_dev":{"confidence_interval":{"confidence_level":0.95,"lower_bound":198431.81371810316,"upper_bound":325327.4354375453},"point_estimate":264756.8482871363,"standard_error":32374.089418264713}}