{"mean":{"confidence_interval":{"confidence_level":0.95,"lower_bound":-0.4798987618503205,"upper_bound":-0.45644282944691134},"point_estimate":-0.4687333129832626,"standard_error":0.005791483967571636},"median":{"confidence_interval":{"confidence_level":0.95,"lower_bound":-0.49826263982467567,"upper_bound":-0.48724574273493615},"point_estimate":-0.4949742624553095,"standard_error":0.0032555988216259974}}