{"mean":{"confidence_interval":{"confidence_level":0.95,"lower_bound":0.0370311043227116,"upper_bound":0.06574706976336654},"point_estimate":0.05018463907835713,"standard_error":0.0075642584128381716},"median":{"confidence_interval":{"confidence_level":0.95,"lower_bound":0.01606857371811965,"upper_bound":0.02165113507149319},"point_estimate":0.01872612185672251,"standard_error":0.0015865564716594817}}