{"mean":{"confidence_interval":{"confidence_level":0.95,"lower_bound":-0.4085781038125747,"upper_bound":-0.40540219559259805},"point_estimate":-0.4069146835234756,"standard_error":0.000812313334850864},"median":{"confidence_interval":{"confidence_level":0.95,"lower_bound":-0.40626359457412864,"upper_bound":-0.40357176337454903},"point_estimate":-0.4048102957331631,"standard_error":0.0007259259826005348}}