{"mean":{"confidence_interval":{"confidence_level":0.95,"lower_bound":0.04790123746435966,"upper_bound":0.08704275839808553},"point_estimate":0.0675356427671101,"standard_error":0.010248500022629092},"median":{"confidence_interval":{"confidence_level":0.95,"lower_bound":0.02113883009318207,"upper_bound":0.04870242648247114},"point_estimate":0.04210990455719088,"standard_error":0.008064904401319616}}