{"mean":{"confidence_interval":{"confidence_level":0.95,"lower_bound":0.06380176315511013,"upper_bound":0.0796006305198801},"point_estimate":0.07155917745770668,"standard_error":0.003989241256400584},"median":{"confidence_interval":{"confidence_level":0.95,"lower_bound":0.05169558621706094,"upper_bound":0.10040368724739346},"point_estimate":0.085466612594576,"standard_error":0.019017277572742946}}