{"mean":{"confidence_interval":{"confidence_level":0.95,"lower_bound":-0.06884625350651336,"upper_bound":-0.03214940558498351},"point_estimate":-0.05208895624753995,"standard_error":0.009272827088286806},"median":{"confidence_interval":{"confidence_level":0.95,"lower_bound":-0.06498417841193671,"upper_bound":-0.01604673882502128},"point_estimate":-0.04163397373693434,"standard_error":0.01244584802188741}}