{"mean":{"confidence_interval":{"confidence_level":0.95,"lower_bound":0.09586088438593628,"upper_bound":0.18846103730967162},"point_estimate":0.14241365226198188,"standard_error":0.0237727659521236},"median":{"confidence_interval":{"confidence_level":0.95,"lower_bound":0.06928110453856719,"upper_bound":0.0943969873036582},"point_estimate":0.07603606569588783,"standard_error":0.006791340572837286}}