{"mean":{"confidence_interval":{"confidence_level":0.95,"lower_bound":6017274.0418333355,"upper_bound":6245742.676583334},"point_estimate":6131210.053333333,"standard_error":58327.85551009886},"median":{"confidence_interval":{"confidence_level":0.95,"lower_bound":5950819.444444444,"upper_bound":6223504.611111112},"point_estimate":6100344.888888889,"standard_error":77209.32564460493},"median_abs_dev":{"confidence_interval":{"confidence_level":0.95,"lower_bound":408270.8853850763,"upper_bound":662976.0422964888},"point_estimate":509959.53474640846,"standard_error":76016.32437350698},"slope":null,"std_dev":{"confidence_interval":{"confidence_level":0.95,"lower_bound":498485.70751730277,"upper_bound":666845.7358513128},"point_estimate":586069.6587191126,"standard_error":42977.804591064145}}