{"mean":{"confidence_interval":{"confidence_level":0.95,"lower_bound":-0.1113625256690867,"upper_bound":-0.10844502770309311},"point_estimate":-0.11003904994374647,"standard_error":0.0007285997795807624},"median":{"confidence_interval":{"confidence_level":0.95,"lower_bound":-0.11241820889654164,"upper_bound":-0.11080666736590483},"point_estimate":-0.11179316271205686,"standard_error":0.00043458373402016734}}