{"mean":{"confidence_interval":{"confidence_level":0.95,"lower_bound":0.029070016168560232,"upper_bound":0.03892536735936888},"point_estimate":0.033593909362551244,"standard_error":0.0025634043969233714},"median":{"confidence_interval":{"confidence_level":0.95,"lower_bound":0.020405878720979986,"upper_bound":0.03061022620424647},"point_estimate":0.025411795930150083,"standard_error":0.0028847943810408594}}