{"mean":{"confidence_interval":{"confidence_level":0.95,"lower_bound":-0.0011275444520434468,"upper_bound":0.002470611840718},"point_estimate":0.0005716441112402215,"standard_error":0.0009273769520406973},"median":{"confidence_interval":{"confidence_level":0.95,"lower_bound":-0.00142445631741972,"upper_bound":-0.00021796345370539427},"point_estimate":-0.0007459942812607645,"standard_error":0.0002988866197388472}}