{"mean":{"confidence_interval":{"confidence_level":0.95,"lower_bound":-0.002608692384724012,"upper_bound":0.003247136781722809},"point_estimate":0.0003191877520152264,"standard_error":0.0014952875941118893},"median":{"confidence_interval":{"confidence_level":0.95,"lower_bound":-0.004091846741841043,"upper_bound":-0.0029561030315011783},"point_estimate":-0.003597520869111581,"standard_error":0.0002870426930964197}}