{"mean":{"confidence_interval":{"confidence_level":0.95,"lower_bound":-0.007579104261965593,"upper_bound":0.0003314184032061049},"point_estimate":-0.0037797094112419494,"standard_error":0.0020063286087547674},"median":{"confidence_interval":{"confidence_level":0.95,"lower_bound":-0.002827489784070436,"upper_bound":0.0001089835317000798},"point_estimate":-0.0010253608996168007,"standard_error":0.0007215123330138388}}