{"mean":{"confidence_interval":{"confidence_level":0.95,"lower_bound":4445972.709625001,"upper_bound":4599979.762},"point_estimate":4523966.4225,"standard_error":39298.61987073618},"median":{"confidence_interval":{"confidence_level":0.95,"lower_bound":4488217.041666666,"upper_bound":4671076.375},"point_estimate":4596550.333333334,"standard_error":55436.36995669422},"median_abs_dev":{"confidence_interval":{"confidence_level":0.95,"lower_bound":278636.1325532198,"upper_bound":485618.45547854947},"point_estimate":388433.47122892784,"standard_error":48251.039656270834},"slope":null,"std_dev":{"confidence_interval":{"confidence_level":0.95,"lower_bound":341101.4107035406,"upper_bound":442882.49560603284},"point_estimate":394965.84054227034,"standard_error":26010.384982567564}}