{"mean":{"confidence_interval":{"confidence_level":0.95,"lower_bound":-0.13017806156264822,"upper_bound":-0.10124962841924827},"point_estimate":-0.11770923915355758,"standard_error":0.007418928436519632},"median":{"confidence_interval":{"confidence_level":0.95,"lower_bound":-0.1460147775946552,"upper_bound":-0.1430033742399193},"point_estimate":-0.14477659225211004,"standard_error":0.0007567347205497623}}