{"mean":{"confidence_interval":{"confidence_level":0.95,"lower_bound":4592646.820840908,"upper_bound":4707386.267045455},"point_estimate":4650765.724545453,"standard_error":29268.466296216407},"median":{"confidence_interval":{"confidence_level":0.95,"lower_bound":4637301.136363637,"upper_bound":4730742.363636363},"point_estimate":4714829.545454545,"standard_error":30186.285626777943},"median_abs_dev":{"confidence_interval":{"confidence_level":0.95,"lower_bound":151093.3133084665,"upper_bound":275862.12735065026},"point_estimate":226481.16328824588,"standard_error":36840.63232301581},"slope":null,"std_dev":{"confidence_interval":{"confidence_level":0.95,"lower_bound":240400.0083040595,"upper_bound":343985.29880031},"point_estimate":294308.83276722307,"standard_error":26506.018347169673}}