{"mean":{"confidence_interval":{"confidence_level":0.95,"lower_bound":-0.39675968014477375,"upper_bound":-0.3516788249881358},"point_estimate":-0.37670906539556037,"standard_error":0.011465413568299804},"median":{"confidence_interval":{"confidence_level":0.95,"lower_bound":-0.4190193492632994,"upper_bound":-0.4148956910600663},"point_estimate":-0.4177696009194124,"standard_error":0.0012543766051728912}}