{"mean":{"confidence_interval":{"confidence_level":0.95,"lower_bound":-0.009004518183301781,"upper_bound":-0.0008977643982755676},"point_estimate":-0.00507911363635305,"standard_error":0.002075949244082347},"median":{"confidence_interval":{"confidence_level":0.95,"lower_bound":-0.0019565901930860274,"upper_bound":4.293746818540001e-6},"point_estimate":-0.0007034476991566452,"standard_error":0.0005058167486062391}}