{"mean":{"confidence_interval":{"confidence_level":0.95,"lower_bound":-0.0020047794889459705,"upper_bound":0.008057562242061597},"point_estimate":0.002207107399239794,"standard_error":0.002641091281628666},"median":{"confidence_interval":{"confidence_level":0.95,"lower_bound":-0.003551321494964621,"upper_bound":-0.0024176719316797435},"point_estimate":-0.0029053683584818746,"standard_error":0.00030154194122844355}}