{"mean":{"confidence_interval":{"confidence_level":0.95,"lower_bound":-0.004414862436017755,"upper_bound":-2.1920205264394768e-6},"point_estimate":-0.0023363226612210797,"standard_error":0.001117229315220205},"median":{"confidence_interval":{"confidence_level":0.95,"lower_bound":-0.003134876340754933,"upper_bound":-0.001714731519223306},"point_estimate":-0.0024461644112673264,"standard_error":0.0003673119680454031}}