{"mean":{"confidence_interval":{"confidence_level":0.95,"lower_bound":-0.0022021015166199804,"upper_bound":-0.00032635666224399627},"point_estimate":-0.0012779966486462513,"standard_error":0.00047451423137946896},"median":{"confidence_interval":{"confidence_level":0.95,"lower_bound":-0.0014635777501939007,"upper_bound":-0.0009648834285648222},"point_estimate":-0.0011303835936713469,"standard_error":0.00012307735494714996}}