{"mean":{"confidence_interval":{"confidence_level":0.95,"lower_bound":-0.009798304866201257,"upper_bound":0.0001941881422007643},"point_estimate":-0.0046808718128753535,"standard_error":0.0025430303222205002},"median":{"confidence_interval":{"confidence_level":0.95,"lower_bound":-0.028245268795599854,"upper_bound":0.0059097961701601864},"point_estimate":-0.010269170312427911,"standard_error":0.008696416778477165}}